neuron_id,cell_name,first_seen,notes
1,A53,2026-08-18,
2,A9,2026-08-18,
3,ADAL,2026-08-18,
4,ADAR,2026-08-18,
5,AIAL,2026-08-18,
6,AIAR,2026-08-18,
7,AIBL,2026-08-18,
8,AIBR,2026-08-18,
9,AIML,2026-08-18,
10,AIMR,2026-08-18,
11,AINL,2026-08-18,
12,AIYL,2026-08-18,
13,AIYR,2026-08-18,
14,AIZL,2026-08-18,
15,AIZR,2026-08-18,
16,ALA,2026-08-18,
17,ALML,2026-08-18,
18,ALMR,2026-08-18,
19,ALNL,2026-08-18,
20,ALNR,2026-08-18,
21,AMsh,2026-08-18,
22,AS1!,2026-08-18,
23,AUAL,2026-08-18,
24,AUAR,2026-08-18,
25,AVAL,2026-08-18,
26,AVAR,2026-08-18,
27,AVBL,2026-08-18,
28,AVBR,2026-08-18,
29,AVDL,2026-08-18,
30,AVDR,2026-08-18,
31,AVEL,2026-08-18,
32,AVER,2026-08-18,
33,AVFL,2026-08-18,
34,AVFR,2026-08-18,
35,AVHL,2026-08-18,
36,AVHR,2026-08-18,
37,AVJL,2026-08-18,
38,AVJR,2026-08-18,
39,AVKL,2026-08-18,
40,AVKR,2026-08-18,
41,AVL,2026-08-18,
42,AVM,2026-08-18,
43,BDUL,2026-08-18,
44,BDUR,2026-08-18,
45,BWM-DL01,2026-08-18,
46,BWM-DL02,2026-08-18,
47,BWM-DL03,2026-08-18,
48,BWM-DL04,2026-08-18,
49,BWM-DL05,2026-08-18,
50,BWM-DL06,2026-08-18,
51,BWM-DL07,2026-08-18,
52,BWM-DL08,2026-08-18,
53,BWM-DL08_fragment,2026-08-18,
54,BWM-DR01,2026-08-18,
55,BWM-DR02,2026-08-18,
56,BWM-DR03,2026-08-18,
57,BWM-DR04,2026-08-18,
58,BWM-DR05,2026-08-18,
59,BWM-DR06,2026-08-18,
60,BWM-DR07,2026-08-18,
61,BWM-DR08,2026-08-18,
62,BWM-VL01,2026-08-18,
63,BWM-VL02,2026-08-18,
64,BWM-VL03,2026-08-18,
65,BWM-VL04,2026-08-18,
66,BWM-VL05,2026-08-18,
67,BWM-VL06,2026-08-18,
68,BWM-VL07,2026-08-18,
69,BWM-VL08,2026-08-18,
70,BWM-VR01,2026-08-18,
71,BWM-VR02,2026-08-18,
72,BWM-VR03,2026-08-18,
73,BWM-VR04,2026-08-18,
74,BWM-VR05,2026-08-18,
75,BWM-VR06,2026-08-18,
76,BWM-VR07,2026-08-18,
77,BWM-VR08,2026-08-18,
78,CANL?,2026-08-18,
79,CANR,2026-08-18,
80,CEPshDL,2026-08-18,
81,CEPshDR,2026-08-18,
82,CEPshVL,2026-08-18,
83,CEPshVR,2026-08-18,
84,CEPsoDL?,2026-08-18,
85,DA1!,2026-08-18,
86,DB1,2026-08-18,
87,DD1!,2026-08-18,
88,DVA,2026-08-18,
89,DVC,2026-08-18,
90,FLPL,2026-08-18,
91,FLPR,2026-08-18,
92,GLRDL,2026-08-18,
93,GLRDR,2026-08-18,
94,GLRL,2026-08-18,
95,GLRR,2026-08-18,
96,GLRVL,2026-08-18,
97,GLRVR,2026-08-18,
98,Neuron 3768036,2026-08-18,
99,Neuron 3768351,2026-08-18,
100,Neuron 3779565,2026-08-18,
101,Neuron 3779966,2026-08-18,
102,Neuron 3780274,2026-08-18,
103,Neuron 3782499,2026-08-18,
104,Neuron 3787965,2026-08-18,
105,OLLsoL?,2026-08-18,
106,OLLsoR?,2026-08-18,
107,PLNL,2026-08-18,
108,PLNR,2026-08-18,
109,PVCL,2026-08-18,
110,PVCR,2026-08-18,
111,PVDL??,2026-08-18,
112,PVDR??,2026-08-18,
113,PVPL,2026-08-18,
114,PVPR,2026-08-18,
115,PVQL,2026-08-18,
116,PVQR,2026-08-18,
117,PVR,2026-08-18,
118,PVT,2026-08-18,
119,PVWL_or_R_1,2026-08-18,
120,PVWL_or_R_2,2026-08-18,
121,PVWL_or_R_3,2026-08-18,
122,RIAL,2026-08-18,
123,RIAR,2026-08-18,
124,RIBL,2026-08-18,
125,RIBR,2026-08-18,
126,RICL,2026-08-18,
127,RICR,2026-08-18,
128,RID,2026-08-18,
129,RIFL,2026-08-18,
130,RIFR,2026-08-18,
131,RIGL,2026-08-18,
132,RIGR,2026-08-18,
133,RIH,2026-08-18,
134,RIML,2026-08-18,
135,RIMR,2026-08-18,
136,RIPL,2026-08-18,
137,RIPR,2026-08-18,
138,RIR,2026-08-18,
139,RIS,2026-08-18,
140,RIVL,2026-08-18,
141,RIVR,2026-08-18,
142,RMDDL,2026-08-18,
143,RMDDR,2026-08-18,
144,RMDL,2026-08-18,
145,RMDR,2026-08-18,
146,RMDVL,2026-08-18,
147,RMDVR,2026-08-18,
148,RMED,2026-08-18,
149,RMEL,2026-08-18,
150,RMER,2026-08-18,
151,RMEV,2026-08-18,
152,RMFL,2026-08-18,
153,RMFR,2026-08-18,
154,RMGL,2026-08-18,
155,RMGR,2026-08-18,
156,RMHL,2026-08-18,
157,RMHR,2026-08-18,
158,SAADL,2026-08-18,
159,SAADR,2026-08-18,
160,SAAVL,2026-08-18,
161,SAAVR,2026-08-18,
162,SABD,2026-08-18,
163,SABVL,2026-08-18,
164,SABVR,2026-08-18,
165,SDQL,2026-08-18,
166,SDQR,2026-08-18,
167,SIADL,2026-08-18,
168,SIADR,2026-08-18,
169,SIAVL,2026-08-18,
170,SIAVR,2026-08-18,
171,SIBDL,2026-08-18,
172,SIBDR,2026-08-18,
173,SIBVL,2026-08-18,
174,SIBVR,2026-08-18,
175,SMBDL,2026-08-18,
176,SMBDR,2026-08-18,
177,SMBVL,2026-08-18,
178,SMBVR,2026-08-18,
179,SMDDL,2026-08-18,
180,SMDDR,2026-08-18,
181,SMDVL,2026-08-18,
182,SMDVR,2026-08-18,
183,URADL,2026-08-18,
184,URADR,2026-08-18,
185,URAVL,2026-08-18,
186,URAVR,2026-08-18,
187,URBL,2026-08-18,
188,URBR,2026-08-18,
189,URYDL,2026-08-18,
190,URYDR?,2026-08-18,
191,URYVL,2026-08-18,
192,URYVR,2026-08-18,
193,VA/VB,2026-08-18,
194,VA1!,2026-08-18,
195,VA2?,2026-08-18,
196,VA2??(wrong side?),2026-08-18,
197,VA3,2026-08-18,
198,VB1,2026-08-18,
199,VD1!,2026-08-18,
200,VD2!,2026-08-18,
201,[DA2!],2026-08-18,
202,[DA3!],2026-08-18,
203,[DA4!],2026-08-18,
204,excretory cell,2026-08-18,
205,fragment,2026-08-18,
206,gland cell,2026-08-18,
207,hyp,2026-08-18,
208,hyp5,2026-08-18,
209,hyp6,2026-08-18,
210,hyp?,2026-08-18,
211,neuron 3761054,2026-08-18,
212,neuron 3766972,2026-08-18,
213,neuron 3767233 [NSML],2026-08-18,
214,neuron 3767269 [M4],2026-08-18,
215,neuron 3767541,2026-08-18,
216,neuron 3768064 [M2L],2026-08-18,
217,neuron 3768086 [M2R],2026-08-18,
218,neuron 3768148 [M1],2026-08-18,
219,neuron 3768373 [I4],2026-08-18,
220,neuron 3769502 [M3R],2026-08-18,
221,neuron 3769716,2026-08-18,
222,neuron 3769954,2026-08-18,
223,neuron 3770599 [M3L],2026-08-18,
224,neuron 3771095 [NSMR],2026-08-18,
225,neuron 3773969,2026-08-18,
226,neuron 3774470,2026-08-18,
227,neuron 3775296,2026-08-18,
228,neuron 3775975,2026-08-18,
229,neuron 3776285,2026-08-18,
230,neuron 3777284,2026-08-18,
231,neuron 3777973,2026-08-18,
232,neuron 3778036,2026-08-18,
233,neuron 3778233,2026-08-18,
234,neuron 3778242,2026-08-18,
235,neuron 3779503,2026-08-18,
236,neuron 3779879,2026-08-18,
237,neuron 3782677,2026-08-18,
238,neuron 3784086,2026-08-18,
239,neuron 3784091,2026-08-18,
240,neuron 3784096,2026-08-18,
241,neuron 3784106,2026-08-18,
242,neuron 3784127,2026-08-18,
243,neuron 3784132,2026-08-18,
244,neuron 3784380,2026-08-18,
245,neuron 3786010,2026-08-18,
246,unknown_fragment,2026-08-18,
247,ventral_fragment_3,2026-08-18,
